{
    "Apple": 0.0,
    "Arcanut (Processed)": 1.2848377972315908,
    "Arecanut": 2.11041650806182,
    "Arhar/Tur": 0.7867092485946797,
    "Ash Gourd": 0.0,
    "Atcanut (Raw)": 6.216615908824843,
    "Bajra": 1.1634891303594415,
    "Banana": 26.42377023227803,
    "Barley": 1.7868364355269213,
    "Bean": 1.3400001866104085,
    "Beans & Mutter(Vegetable)": 3.116407219346313,
    "Beet Root": 0.0,
    "Ber": 0.0,
    "Bhindi": 2.999250919498349,
    "Bitter Gourd": 0.6349447653795479,
    "Black pepper": 1.1487486783393912,
    "Blackgram": 0.6010681009371845,
    "Bottle Gourd": 1.005506993006993,
    "Brinjal": 7.240500263074067,
    "Cabbage": 11.862312933945125,
    "Cardamom": 0.10599088377813184,
    "Carrot": 4.7647929474820225,
    "Cashewnut": 9.559398006455394,
    "Cashewnut Processed": 0.10044448814087276,
    "Cashewnut Raw": 0.5026502779234476,
    "Castor seed": 0.672669644261218,
    "Cauliflower": 1.2510535257289654,
    "Citrus Fruit": 4.044965904958016,
    "Coconut ": 3985.445937352473,
    "Coffee": 0.7088075516647366,
    "Colocosia": 9.510369595198457,
    "Cond-spcs other": 0.8329151746996777,
    "Coriander": 0.4900331800501168,
    "Cotton(lint)": 2.001181571358444,
    "Cowpea(Lobia)": 0.45969192243995743,
    "Cucumber": 0.0,
    "Drum Stick": 0.5041144409847763,
    "Dry chillies": 1.358093085903123,
    "Dry ginger": 5.331921450142143,
    "Garlic": 3.2556441599602355,
    "Ginger": 8.572291227587488,
    "Gram": 0.8151876620074916,
    "Grapes": 19.2298908598976,
    "Groundnut": 1.1864156193808078,
    "Guar seed": 0.9514181172341809,
    "Horse-gram": 0.44455953477965704,
    "Jack Fruit": 5.701296925344923,
    "Jobster": 1.0058201058201057,
    "Jowar": 1.0374510187157928,
    "Jute": 9.163611435167967,
    "Jute & mesta": 8.114555455371264,
    "Kapas": 0.7663445733926881,
    "Khesari": 0.7841129115312663,
    "Korra": 0.6782316292545555,
    "Lab-Lab": 0.0,
    "Lemon": 7.932812276256422,
    "Lentil": 0.7583813524063322,
    "Linseed": 0.515198177388127,
    "Litchi": 0.0,
    "Maize": 2.6025664109280586,
    "Mango": 3.9745578884831034,
    "Masoor": 0.6893179185927121,
    "Mesta": 5.513841696600433,
    "Moong(Green Gram)": 0.443138519010162,
    "Moth": 0.3179068312550104,
    "Niger seed": 0.3759559076562758,
    "Oilseeds total": 0.9454193048053635,
    "Onion": 11.807903522362052,
    "Orange": 8.46316062772196,
    "Other  Rabi pulses": 0.6195957796731095,
    "Other Cereals & Millets": 0.8103521887648666,
    "Other Citrus Fruit": 0.0,
    "Other Dry Fruit": 0.0,
    "Other Fresh Fruits": 1.3579066778331865,
    "Other Kharif pulses": 0.48673236105048434,
    "Other Vegetables": 1.3709532361768386,
    "Paddy": 1.947781061565844,
    "Papaya": 28.659373881906248,
    "Peach": 0.0,
    "Pear": 0.0,
    "Peas  (vegetable)": 0.0,
    "Peas & beans (Pulses)": 1.2454008451326513,
    "Perilla": 0.5958030882603937,
    "Pineapple": 13.996944130905733,
    "Plums": 0.0,
    "Pome Fruit": 4.706792557103394,
    "Pome Granet": 3.967678305196813,
    "Potato": 12.83546497675483,
    "Pulses total": 0.6669387860236592,
    "Pump Kin": 0.0,
    "Ragi": 1.1896877382810924,
    "Rajmash Kholar": 1.2438567540822327,
    "Rapeseed &Mustard": 0.7642785481541595,
    "Redish": 2.6344196293662097,
    "Ribed Guard": 0.0,
    "Rice": 1.992107918020906,
    "Ricebean (nagadal)": 1.107430125225784,
    "Rubber": 1.1859109662121985,
    "Safflower": 0.5317183831896095,
    "Samai": 0.554050655667175,
    "Sannhamp": 1.0940609752615833,
    "Sapota": 10.267325516590827,
    "Sesamum": 0.4476253852517086,
    "Small millets": 0.6516053658322367,
    "Snak Guard": 0.0,
    "Soyabean": 1.0381587278023183,
    "Sugarcane": 192.6892554190896,
    "Sunflower": 0.9293180676439554,
    "Sweet potato": 8.6878454503254,
    "Tapioca": 18.749737920403973,
    "Tea": 2.3953309424432776,
    "Tobacco": 1.888187725658003,
    "Tomato": 7.826412696861354,
    "Total foodgrain": 1.5373176982030994,
    "Turmeric": 2.7335961337208787,
    "Turnip": 0.4525728553173791,
    "Urad": 0.4868916616540661,
    "Varagu": 0.9310659245403735,
    "Water Melon": 0.0,
    "Wheat": 2.086716104854544,
    "Yam": 0.0,
    "other fibres": 0.0,
    "other misc. pulses": 0.2433929958924939,
    "other oilseeds": 1.4774655601349842
}